category,source_org,url
financial_aid,UNT,https://financialaid.unt.edu/index.html
financial_aid,UNT,https://financialaid.unt.edu/financial-aid.html
financial_aid,UNT,https://financialaid.unt.edu/apply-aid.html
financial_aid,UNT,https://financialaid.unt.edu/meet-eligibility.html
financial_aid,UNT,https://financialaid.unt.edu/check-your-do-list.html
financial_aid,UNT,https://financialaid.unt.edu/accept-awards.html
financial_aid,UNT,https://financialaid.unt.edu/receive-aid-disbursement.html
financial_aid,UNT,https://financialaid.unt.edu/check-your-refund.html
financial_aid,UNT,https://financialaid.unt.edu/how-apply-scholarships.html
financial_aid,UNT,https://unt-scholarships.awardspring.com/Home/Scholarships
financial_aid,UNT,https://www.blackbaud.com/products/award-scholarship-management
financial_aid,UNT,https://financialaid.unt.edu/faq.html
student_resources,UNT,https://estimatemytuition.unt.edu/ (Cost estimator)
research,UNT,https://research.unt.edu/
research,UNT,https://research.unt.edu/resources/research-funding-opportunities/quick-start-guide.html
research,UNT,https://research.unt.edu/resources/research-funding-opportunities/index.html
financial_aid,UNT,https://research.unt.edu/support-units/grants-and-contracts/pre-award/index.html
financial_aid,UNT,https://research.unt.edu/support-units/grants-and-contracts/post-award/index.html
financial_aid,UNT,https://research.unt.edu/support-units/grants-and-contracts/post-award/effort-reporting.html
financial_aid,UNT,https://research.unt.edu/support-units/grants-and-contracts/post-award/new-award-and-advanced-accounts.html
financial_aid,UNT,https://research.unt.edu/support-units/grants-and-contracts/post-award/modifications.html
financial_aid,UNT,https://research.unt.edu/support-units/grants-and-contracts/post-award/sponsored-projects/
financial_aid,UNT,https://research.unt.edu/support-units/grants-and-contracts/post-award/training-guides.html
financial_aid,UNT,https://research.unt.edu/support-units/grants-and-contracts/pre-award/proposal-process.html
financial_aid,UNT,https://research.unt.edu/support-units/grants-and-contracts/pre-award/application-guides-resources.html
financial_aid,UNT,https://research.unt.edu/support-units/grants-and-contracts/pre-award/available-college-resources.html
financial_aid,UNT,https://research.unt.edu/support-units/grants-and-contracts/pre-award/no-cost-extensions-nce.html
financial_aid,UNT,https://research.unt.edu/support-units/grants-and-contracts/pre-award/programmatic-reporting.html
research,UNT,https://research.unt.edu/resources/research-funding-opportunities/external-funding-opportunities.html
research,UNT,https://research.unt.edu/resources/research-funding-opportunities/limited-submissions-program.html
research,UNT,https://research.unt.edu/resources/research-funding-opportunities/intramural-seed-funding.html
research,UNT,https://research.unt.edu/resources/research-funding-opportunities/research-and-creativity-awards.html
research,UNT,https://research.unt.edu/resources/research-funding-opportunities/dri-conference-sponsorship.html
research,UNT,https://research.unt.edu/resources/research-events/research-day-2025/home-page.html
research,UNT,https://research.unt.edu/resources/student-research/student-research-development.html
research,UNT,https://research.unt.edu/resources/student-research/student-research-events.html
research,UNT,https://research.unt.edu/resources/student-research/resources.html
research,UNT,https://research.unt.edu/resources/student-research/research-experiences.html
research,UNT,https://research.unt.edu/resources/student-research/writing-and-conducting-research.html
financial_aid,UNT,https://research.unt.edu/resources/student-research/grants-and-other-funding.html
research,UNT,https://research.unt.edu/resources/grams/pre-award.html
financial_aid,UNT,https://research.unt.edu/support-units/grants-and-contracts/post-award.html
financial_aid,UNT,https://research.unt.edu/support-units/grants-and-contracts/online-pi-training.html
financial_aid,UNT,https://research.unt.edu/support-units/grants-and-contracts/institutional-information.html
research,UNT,https://research.unt.edu/support-units/research-development/proposal-development-services.html
research,UNT,https://research.unt.edu/support-units/research-development/broader-impacts/index.html
research,UNT,https://research.unt.edu/support-units/research-development/broader-impacts/external-broader-impacts-resources.html
research,UNT,https://research.unt.edu/support-units/research-development/broader-impacts/nsf-broader-impacts-review-process.html
research,UNT,https://research.unt.edu/support-units/research-development/broader-impacts/partnering-with-unt-programs.html
research,UNT,https://research.unt.edu/support-units/research-development/workshops-trainings.html
research,UNT,https://research.unt.edu/support-units/research-development/research-breaks-series.html
research,UNT,https://research.unt.edu/support-units/research-development/washington-dc-fellows-program.html
research,UNT,https://research.unt.edu/research-services/research-development-resources.html
research,UNT,https://research.unt.edu/support-units/research-integrity-and-compliance/index.html
research,UNT,https://research.unt.edu/support-units/research-integrity-and-compliance/about.html
research,UNT,https://research.unt.edu/support-units/research-integrity-and-compliance/human-subjects-irb/
research,UNT,https://research.unt.edu/support-units/research-integrity-and-compliance/human-subjects-irb/irb-protocol-submission.html
research,UNT,https://research.unt.edu/support-units/research-integrity-and-compliance/human-subjects-irb/irb-forms-and-templates.html
research,UNT,https://research.unt.edu/support-units/research-integrity-and-compliance/human-subjects-irb/training-and-education.html
research,UNT,https://research.unt.edu/support-units/research-integrity-and-compliance/human-subjects-irb/multi-institutional-or-collaborative-research.html
research,UNT,https://research.unt.edu/support-units/research-integrity-and-compliance/human-subjects-irb/irb-roster-meeting-dates-and-deadlines.html
research,UNT,https://research.unt.edu/support-units/research-integrity-and-compliance/human-subjects-irb/human-subjects-research-determinations.html
research,UNT,https://research.unt.edu/support-units/research-integrity-and-compliance/human-subjects-irb/irb-policies-and-procedures.html
research,UNT,https://research.unt.edu/support-units/research-integrity-and-compliance/human-subjects-irb/external-resources.html
research,UNT,https://research.unt.edu/support-units/research-integrity-and-compliance/human-subjects-irb/student-research-guidance.html
research,UNT,https://research.unt.edu/support-units/research-integrity-and-compliance/human-subjects-irb/participant-compensation.html
research,UNT,https://research.unt.edu/support-units/research-integrity-and-compliance/human-subjects-recruitment.html
research,UNT,https://research.unt.edu/support-units/research-integrity-and-compliance/research-security/
research,UNT,https://research.unt.edu/support-units/research-integrity-and-compliance/research-security/countries-concern.html
research,UNT,https://research.unt.edu/support-units/research-integrity-and-compliance/research-security/foreign-travel.html
research,UNT,https://research.unt.edu/support-units/research-integrity-and-compliance/research-security/foreign-talent-recruitment.html
research,UNT,https://research.unt.edu/support-units/research-integrity-and-compliance/research-security/cybersecurity.html
research,UNT,https://research.unt.edu/support-units/research-integrity-and-compliance/research-security/training-faqs.html
research,UNT,https://research.unt.edu/support-units/research-integrity-and-compliance/animal-care-and-use-program/index.html
research,UNT,https://research.unt.edu/support-units/research-integrity-and-compliance/animal-care-and-use-program/iacuc-protocol-submission.html
research,UNT,https://research.unt.edu/support-units/research-integrity-and-compliance/animal-care-and-use-program/field-research.html
research,UNT,https://research.unt.edu/support-units/research-integrity-and-compliance/animal-care-and-use-program/tissue-protocols.html
research,UNT,https://research.unt.edu/support-units/research-integrity-and-compliance/animal-care-and-use-program/iacuc-procedures.html
research,UNT,https://research.unt.edu/support-units/research-integrity-and-compliance/animal-care-and-use-program/iacuc-forms-and-templates.html
research,UNT,https://research.unt.edu/support-units/research-integrity-and-compliance/animal-care-and-use-program/training.html
research,UNT,https://research.unt.edu/institutional-animal-care-and-use-committee.html
research,UNT,https://research.unt.edu/support-units/research-integrity-and-compliance/biosafety-training.html
research,UNT,https://research.unt.edu/support-units/research-integrity-and-compliance/responsible-conduct-research-rcr.html
advising,UNT,https://vpaa.unt.edu/advising/index.html
advising,UNT,https://www.unt.edu/appointments/
advising,UNT,https://www.unt.edu/appointments/new-students.html
advising,UNT,https://vpaa.unt.edu/advising/degrees/index.html
advising,UNT,https://vpaa.unt.edu/advising/degrees/choosing.html
advising,UNT,https://vpaa.unt.edu/advising/degrees/about.html
advising,UNT,https://vpaa.unt.edu/advising/degrees/types.html
advising,UNT,https://vpaa.unt.edu/advising/degrees/core.html
advising,UNT,https://vpaa.unt.edu/advising/degrees/requirements.html
advising,UNT,https://vpaa.unt.edu/advising/signup/index.html
advising,UNT,https://vpaa.unt.edu/advising/signup/prepare.html
advising,UNT,https://vpaa.unt.edu/advising/signup/tips.html
advising,UNT,https://vpaa.unt.edu/advising/signup/checklist.html
advising,UNT,https://vpaa.unt.edu/advising/advising-offices.html
advising,UNT,https://vpaa.unt.edu/advising/gpa/index.html
advising,UNT,https://vpaa.unt.edu/advising/gpa/standing.html
advising,UNT,https://vpaa.unt.edu/advising/gpa/calculations.html
advising,UNT,https://vpaa.unt.edu/advising/gpa/find.html
advising,UNT,https://vpaa.unt.edu/advising/gpa/honors.html
advising,UNT,https://vpaa.unt.edu/advising/resources/index.html
advising,UNT,https://vpaa.unt.edu/advising/resources/services.html
advising,UNT,https://vpaa.unt.edu/advising/resources/additional.html
advising,UNT,https://vpaa.unt.edu/advising/resources/students.html
advising,UNT,https://vpaa.unt.edu/advising/resources/enrichment.html
advising,UNT,https://vpaa.unt.edu/advising/prereq.html
academic_policies,UNT,https://registrar.unt.edu/academic-calendar-by-semester.html
academic_policies,UNT,https://registrar.unt.edu/registration/fall-academic-calendar.html
academic_policies,UNT,https://registrar.unt.edu/registration/spring-academic-calendar.html
academic_policies,UNT,https://registrar.unt.edu/registration/summer-academic-calendar.html
academic_policies,UNT,https://registrar.unt.edu/future-academic-calendar.html
academic_policies,UNT,https://registrar.unt.edu/registration/index.html?mn=1a
academic_policies,UNT,https://registrar.unt.edu/online-degree-audit/index.html?mn=1b
academic_policies,UNT,https://registrar.unt.edu/registration/schedule-of-classes.html?mn=1c
academic_policies,UNT,https://registrar.unt.edu/registration-guide.html?mn=1e
academic_policies,UNT,https://registrar.unt.edu/course-enrollment-policies/index.html?mn=1f
academic_policies,UNT,https://registrar.unt.edu/course-dropwithdraw-actions-and-impacts.html?mn=1g
academic_policies,UNT,https://registrar.unt.edu/registration/common-errors-solutions.html?mn=1h
academic_policies,UNT,https://registrar.unt.edu/transcripts-and-records/index.html?mn=2
academic_policies,UNT,https://registrar.unt.edu/transcripts-and-records/order-transcript.html
academic_policies,UNT,https://registrar.unt.edu/transcripts-and-records/update-your-personal-information.html
academic_policies,UNT,https://registrar.unt.edu/transcripts-and-records/withhold-or-release-your-personal-information.html
academic_policies,UNT,https://registrar.unt.edu/transcripts-and-records/enrollment-verification-certification.html
academic_policies,UNT,https://registrar.unt.edu/transcripts-and-records/residency-information.html
academic_policies,UNT,https://registrar.unt.edu/reverse-transfer.html
academic_policies,UNT,https://registrar.unt.edu/forms.html
academic_policies,UNT,https://registrar.unt.edu/apply-degree-conferral-graduation-commencement.html?mn=3a
academic_policies,UNT,https://registrar.unt.edu/graduation-and-diplomas/1000-tuition-rebate.html?mn=3b
academic_policies,UNT,https://registrar.unt.edu/graduation-and-diplomas/order-diplomas.html?mn=3c
academic_policies,UNT,https://registrar.unt.edu/grades/understand-your-grade-report.html?mn=4a
academic_policies,UNT,https://registrar.unt.edu/exams/index.html?mn=4b
academic_policies,UNT,https://registrar.unt.edu/faculty/index.html?mn=5
academic_policies,UNT,https://registrar.unt.edu/faculty/audit-rolls.html?mn=5a
academic_policies,UNT,https://registrar.unt.edu/faculty/grade-reporting.html?mn=5b
academic_policies,UNT,https://registrar.unt.edu/course-scheduling.html?mn=5c
academic_policies,UNT,https://registrar.unt.edu/faculty/training-and-tutorials.html?mn=5d
academic_policies,UNT,https://registrar.unt.edu/student-data.html?mn=5e
academic_policies,UNT,https://registrar.unt.edu/about/index.html?mn=6
international,UNT,https://international.unt.edu/international-students/index.html
international,UNT,https://international.unt.edu/international-students/newly-admitted-international-students/index.html
international,UNT,https://international.unt.edu/international-students/newly-admitted-international-students/international-admissions.html
international,UNT,https://international.unt.edu/international-students/newly-admitted-international-students/how-request-your-f-1-i-20-document.html
international,UNT,https://international.unt.edu/international-students/newly-admitted-international-students/financial-requirements.html
international,UNT,https://international.unt.edu/international-students/newly-admitted-international-students/pre-and-post-arrival-checklists.html
international,UNT,https://international.unt.edu/international-students/newly-admitted-international-students/international-student-orientation.html
international,UNT,https://international.unt.edu/international-students/newly-admitted-international-students/international-student-health-insurance.html
international,UNT,https://international.unt.edu/international-students/newly-admitted-international-students/traveling-campus.html
international,UNT,https://international.unt.edu/international-students/newly-admitted-international-students/document-check.html
international,UNT,https://international.unt.edu/international-students/newly-admitted-international-students/new-student-late-arrival-request.html
international,UNT,https://international.unt.edu/international-students/what-inorthtx.html
international,UNT,https://international.unt.edu/international-students/newly-admitted-international-students/campus-community-life/
international,UNT,https://international.unt.edu/international-students/newly-admitted-international-students/campus-community-life/us-drivers-license-and-state-id.html
international,UNT,https://international.unt.edu/international-students/newly-admitted-international-students/campus-community-life/personal-banking.html
international,UNT,https://international.unt.edu/international-students/newly-admitted-international-students/campus-community-life/housing.html
international,UNT,https://international.unt.edu/international-students/newly-admitted-international-students/campus-community-life/campus-transportation.html
international,UNT,https://international.unt.edu/international-students/newly-admitted-international-students/campus-community-life/international-student-organizations.html
international,UNT,https://international.unt.edu/international-students/newly-admitted-international-students/campus-community-life/international-perspectives.html
financial_aid,UNT,https://international.unt.edu/international-scholar-services/index.html
financial_aid,UNT,https://international.unt.edu/international-scholar-services/applying-visa.html
financial_aid,UNT,https://international.unt.edu/international-scholar-services/12-and-24-month-bars.html
financial_aid,UNT,https://international.unt.edu/international-scholar-services/housing-resources.html
financial_aid,UNT,https://international.unt.edu/international-scholar-services/employment-resources.html
financial_aid,UNT,https://international.unt.edu/international-scholar-services/travel-endorsements-j-visa-holders.html
financial_aid,UNT,https://international.unt.edu/international-scholar-services/transfers.html
financial_aid,UNT,https://international.unt.edu/international-scholar-services/program-completion.html
financial_aid,UNT,https://international.unt.edu/international-scholar-services/spouses-partners-and-children.html
financial_aid,UNT,https://international.unt.edu/international-scholar-services/j-world-newsletters.html
international,UNT,https://international.unt.edu/intensive-english/index.html
international,UNT,https://international.unt.edu/intensive-english/academic-english.html
international,UNT,https://international.unt.edu/intensive-english/how-apply.html
international,UNT,https://international.unt.edu/intensive-english/ieli-application.html
international,UNT,https://international.unt.edu/intensive-english/tuition-and-fees.html
international,UNT,https://international.unt.edu/intensive-english/ieli-calendar.html
international,UNT,https://international.unt.edu/intensive-english/student-testimonials.html
international,UNT,https://international.unt.edu/programs-and-events/index.html
international,UNT,https://international.unt.edu/programs-and-events/language-exchange.html
international,UNT,https://international.unt.edu/programs-and-events/special-events.html
international,UNT,https://international.unt.edu/programs-and-events/isab.html
international,UNT,https://international.unt.edu/programs-and-events/student-org-funding.html
international,UNT,https://international.unt.edu/programs-and-events/outstanding-student-award.html
international,UNT,https://international.unt.edu/funding-awards/index.html
international,UNT,https://international.unt.edu/funding-awards/student-funding-opportunities.html
financial_aid,UNT,https://international.unt.edu/funding-awards/scholarships-grants-and-waivers/index.html
financial_aid,UNT,https://international.unt.edu/funding-awards/scholarships-grants-and-waivers/global-citizen-scholarship.html
financial_aid,UNT,https://international.unt.edu/funding-awards/scholarships-grants-and-waivers/international-education-scholarship.html
financial_aid,UNT,https://international.unt.edu/funding-awards/scholarships-grants-and-waivers/jinnah-memorial.html
financial_aid,UNT,https://international.unt.edu/funding-awards/scholarships-grants-and-waivers/north-star.html
financial_aid,UNT,https://international.unt.edu/funding-awards/scholarships-grants-and-waivers/txpublic-education-grant.html
financial_aid,UNT,https://international.unt.edu/funding-awards/scholarships-grants-and-waivers/mexican-waiver.html
financial_aid,UNT,https://financialaid.unt.edu/good-neighbor-program.html
financial_aid,UNT,https://international.unt.edu/funding-awards/scholarships-grants-and-waivers/additional-funding-resources-international-students.html
research,UNT,https://studyabroad.unt.edu/funding/
international,UNT,https://international.unt.edu/global-dashboard.html
international,UNT,https://international.unt.edu/peace-pole.html
navigate_faq,UNT,https://vpaa.unt.edu/advising/get-advised/faqs.html
navigate_faq,UNT,https://studyabroad.unt.edu/passport-office/faqs.html
navigate_faq,UNT,https://www.unt.edu/admissions/dualcredit/faq.html
navigate_faq,UNT,https://navigate.unt.edu/faq.html
navigate_faq,UNT,https://www.unt.edu/graduate/faq.html
navigate_faq,UNT,https://finance.untsystem.edu/budget-and-planning/fss-financial-system-support/fss-faq.php
navigate_faq,UNT,https://digital.library.unt.edu/help/faq/general/
navigate_faq,UNT,https://library.unt.edu/digital-projects-unit/partners/faq/
navigate_faq,UNT,https://guides.library.unt.edu/discover/faq
navigate_faq,UNT,https://unt.libanswers.com/faq/224539
navigate_faq,UNT,https://digital.library.unt.edu/help/faq/
navigate_faq,UNT,https://frisco.unt.edu/academics/unt-collin-college-courses/faq.html
